season,matchweek,fixture,home_team,away_team,home_formation,home_xi,home_subs_used,away_formation,away_xi,away_subs_used,home_possession,away_possession,home_xg,away_xg,home_total_shots,away_total_shots,home_shots_on_target,away_shots_on_target,home_corners,away_corners,home_saves,away_saves,home_shots_inside_the_box,away_shots_inside_the_box,home_hit_woodwork,away_hit_woodwork,home_big_chances_created,away_big_chances_created,home_total_crosses_completed,away_total_crosses_completed,home_shots_off_target,away_shots_off_target,home_shots_outside_the_box,away_shots_outside_the_box,home_total_passes,away_total_passes,home_long_passes_completed,away_long_passes_completed,home_through_balls,away_through_balls,home_touches,away_touches,home_touches_in_the_opposition_box,away_touches_in_the_opposition_box,home_tackles_won,away_tackles_won,home_blocks,away_blocks,home_interceptions,away_interceptions,home_clearances,away_clearances,home_total_dribbles,away_total_dribbles,home_successful_dribbles,away_successful_dribbles,home_duels_won,away_duels_won,home_aerial_duels_won,away_aerial_duels_won,home_distance_covered,away_distance_covered,home_red_cards,away_red_cards,home_yellow_cards,away_yellow_cards,home_fouls,away_fouls,home_offsides,away_offsides,recap_url,stats_url,recap_text,motm,motm_position,recap_sentiment_compound,recap_sentiment_pos,recap_sentiment_neg,recap_sentiment_neu,fixture_url,home_big_chances,away_big_chances
2025,1,Liverpool vs AFC Bournemouth,Liverpool,Bournemouth,4-2-3-1,Alisson Ramsés Becker; Jeremie Frimpong; Ibrahima Konaté; Virgil van Dijk; Milos Kerkez; Dominik Szoboszlai; Alexis Mac Allister; Mohamed Salah Hamed Mahrous Ghaly; Florian Wirtz; Cody Gakpo; Hugo Ekitiké,Joe Gomez (72'); Wataru Endo (60'); Federico Chiesa (82'); Curtis Jones (72'); Andy Robertson (60'),4-1-4-1,Djordje Petrovic; Adam Smith; Bafodé Diakité; Marcos Senesi; Adrien Truffert; Tyler Adams; Antoine Semenyo; Alex Scott; Marcus Tavernier; David Brooks; Francisco Evanilson de Lima Barbosa,Eli Kroupi (91'); James Hill (90'); Hamed Traoré (74'); Ben Winterburn (84'),61.2%,38.8%,2.21,1.7,19,10,10,3,6,7,1,6,4,1,0,0,3,3,17 (29%),20 (25%),7,4,4,2,489 (82%),299 (70%),51 (57%),70 (34%),3 (0%),0 (0%),713,519,36,28,13 (81%),12 (60%),5,5,4,11,41,45,17,19,8,8,63,52,29,18,110.62km,110.19km,0,0,1,2,7,10,2,2,https://www.premierleague.com/en/match/2561895/liverpool-vs-bournemouth?tab=recap,https://www.premierleague.com/en/match/2561895/liverpool-vs-bournemouth?tab=stats,"Late goals from Federico Chiesa and Mohamed Salah gave champions Liverpool a dramatic 4-2 victory over AFC Bournemouth as the 2025/26 Premier League campaign got off to a thrilling start at Anfield. Hugo Ekitike had a goal and an assist in an impressive Premier League debut to put Arne Slot's team in control, with the forward netting a first-half opener before teeing up Cody Gakpo shortly after the interval. Late goals from Federico Chiesa and Mohamed Salah gave champions Liverpool a dramatic 4-2 victory over AFC Bournemouth as the 2025/26 Premier League campaign got off to a thrilling start at Anfield. Hugo Ekitike had a goal and an assist in an impressive Premier League debut to put Arne Slot's team in control, with the forward netting a first-half opener before teeing up Cody Gakpo shortly after the interval. Late goals from Federico Chiesa and Mohamed Salah gave champions Liverpool a dramatic 4-2 victory over AFC Bournemouth as the 2025/26 Premier League campaign got off to a thrilling start at Anfield. Hugo Ekitike had a goal and an assist in an impressive Premier League debut to put Arne Slot's team in control, with the forward netting a first-half opener before teeing up Cody Gakpo shortly after the interval.",Hugo Ekitiké,Forward,0.9825,0.136,0.0,0.864,https://www.premierleague.com/en/match/2561895/liverpool-vs-bournemouth,1,1
2025,1,Aston Villa vs Newcastle United,Aston Villa,Newcastle,4-2-3-1,Marco Bizot; Matty Cash; Ezri Konsa; Tyrone Mings; Lucas Digne; Boubacar Kamara; Amadou Onana; John McGinn; Youri Tielemans; Morgan Rogers; Ollie Watkins,Donyell Malen (84'),4-3-3,Nick Pope; Kieran Trippier; Fabian Schär; Dan Burn; Tino Livramento; Bruno Guimarães Rodriguez Moura; Sandro Tonali; Joelinton Cássio Apolinário de Lira; Anthony Elanga; Anthony Gordon; Harvey Barnes,William Osula (90'); Jacob Murphy (78'); Lewis Miley (83'),39.9%,60.1%,0.2,1.43,3,16,3,3,3,6,3,3,3,1,0,0,1,2,11 (27%),26 (23%),0,6,0,7,310 (73%),451 (83%),59 (29%),43 (49%),4 (0%),4 (25%),472,634,14,33,5 (45%),8 (80%),7,7,10,12,20,22,15,10,9,2,40,43,10,20,103.82km,108.53km,1,0,1,1,13,11,2,1,https://www.premierleague.com/en/match/2561896/aston-villa-vs-newcastle-united?tab=recap,https://www.premierleague.com/en/match/2561896/aston-villa-vs-newcastle-united?tab=stats,"Newcastle United were unable to capitalise on Ezri Konsa’s red card as they were held to a 0-0 draw by Aston Villa. Missing striker Alexander Isak, who was omitted from the matchday squad amid speculation over his future at the club, Newcastle had the better of the chances at Villa Park on Saturday, with Anthony Elanga passing up a golden opportunity early on. Newcastle United were unable to capitalise on Ezri Konsa’s red card as they were held to a 0-0 draw by Aston Villa. Missing striker Alexander Isak, who was omitted from the matchday squad amid speculation over his future at the club, Newcastle had the better of the chances at Villa Park on Saturday, with Anthony Elanga passing up a golden opportunity early on. Newcastle United were unable to capitalise on Ezri Konsa’s red card as they were held to a 0-0 draw by Aston Villa. Missing striker Alexander Isak, who was omitted from the matchday squad amid speculation over his future at the club, Newcastle had the better of the chances at Villa Park on Saturday, with Anthony Elanga passing up a golden opportunity early on.",Marco Bizot,Goalkeeper,0.9694,0.15,0.032,0.818,https://www.premierleague.com/en/match/2561896/aston-villa-vs-newcastle-united,,
2025,1,Brighton and Hove Albion vs Fulham,Brighton,Fulham,4-2-3-1,Bart Verbruggen; Mats Wieffer; Jan Paul van Hecke; Lewis Dunk; Maxim De Cuyper; Carlos Baleba; Yasin Ayari; Yankuba Minteh; Matt O'Riley; Kaoru Mitoma; Georginio Rutter,Brajan Gruda (83'); Danny Welbeck (69'); James Milner (88'); Ferdi Kadioglu (69'); Diego Gómez (69'),4-2-3-1,Bernd Leno; Kenny Tete; Joachim Andersen; Jorge Cuenca; Calvin Bassey; Sasa Lukic; Sander Berge; Harry Wilson; Josh King; Alex Iwobi; Raúl Jiménez,Rodrigo Muniz (66'); Tom Cairney (66'); Adama Traoré (66'); Timothy Castagne (84'); Emile Smith Rowe (77'),49.8%,50.2%,1.48,0.76,10,7,4,2,4,3,1,3,1,1,0,0,1,0,11 (36%),14 (21%),5,4,4,2,427 (88%),423 (83%),50 (56%),53 (55%),1 (0%),0 (0%),604,583,25,19,9 (47%),8 (53%),2,2,9,2,27,15,11,13,4,5,51,44,14,10,110.29km,107.23km,0,0,3,3,16,15,3,2,https://www.premierleague.com/en/match/2561897/brighton-and-hove-albion-vs-fulham?tab=recap,https://www.premierleague.com/en/match/2561897/brighton-and-hove-albion-vs-fulham?tab=stats,"Rodrigo Muniz scored six minutes into second-half stoppage time as Fulham salvaged a dramatic 1-1 draw against Brighton & Hove Albion in their opening game of the 2025/26 Premier League season. Muniz, who has been linked with a move away from Craven Cottage, netted from Fulham's final attack after they had struggled to muster a threat at the American Express Stadium. Rodrigo Muniz scored six minutes into second-half stoppage time as Fulham salvaged a dramatic 1-1 draw against Brighton & Hove Albion in their opening game of the 2025/26 Premier League season. Muniz, who has been linked with a move away from Craven Cottage, netted from Fulham's final attack after they had struggled to muster a threat at the American Express Stadium. Rodrigo Muniz scored six minutes into second-half stoppage time as Fulham salvaged a dramatic 1-1 draw against Brighton & Hove Albion in their opening game of the 2025/26 Premier League season. Muniz, who has been linked with a move away from Craven Cottage, netted from Fulham's final attack after they had struggled to muster a threat at the American Express Stadium.",Matt O'Riley,Midfielder,-0.9769,0.0,0.141,0.859,https://www.premierleague.com/en/match/2561897/brighton-and-hove-albion-vs-fulham,1,1
2025,1,Sunderland vs West Ham United,Sunderland,West Ham,4-3-3,Robin Roefs; Trai Hume; Dan Ballard; Jenson Seelt; Reinildo Isnard Mandava; Habib Diarra; Granit Xhaka; Noah Sadiki; Chemsdine Talbi; Eliezer Mayenda; Simon Adingra,Chris Rigg (93'); Omar Alderete (53'); Wilson Isidor (76'); Enzo Le Fée (76'),3-4-1-2,Mads Hermansen; Jean-Clair Todibo; Maximilian Kilman; Nayef Aguerd; Aaron Wan-Bissaka; James Ward-Prowse; Guido Rodríguez; El Hadji Malick Diouf; Lucas Tolentino Coelho de Lima; Jarrod Bowen; Niclas Füllkrug,Callum Wilson (71'); Tomás Soucek (71'); Andy Irving (82'),37.2%,62.8%,0.75,0.56,10,12,5,4,5,7,4,2,2,4,0,0,1,0,17 (29%),26 (19%),4,2,1,5,323 (77%),550 (85%),55 (33%),59 (44%),0 (0%),1 (0%),497,731,15,28,5 (36%),7 (58%),7,8,9,4,32,16,7,15,1,7,42,46,18,19,105.33km,103.45km,0,0,0,1,8,10,,,https://www.premierleague.com/en/match/2561899/sunderland-vs-west-ham-united?tab=recap,https://www.premierleague.com/en/match/2561899/sunderland-vs-west-ham-united?tab=stats,"Sunderland marked their Premier League return in style with a 3-0 victory over West Ham United at the Stadium of Light. Cheered on by a jubilant crowd, the Black Cats ensured their first game back in the top flight after an eight-year absence was a memorable one with a sensational second-half showing. Sunderland marked their Premier League return in style with a 3-0 victory over West Ham United at the Stadium of Light. Cheered on by a jubilant crowd, the Black Cats ensured their first game back in the top flight after an eight-year absence was a memorable one with a sensational second-half showing. Sunderland marked their Premier League return in style with a 3-0 victory over West Ham United at the Stadium of Light. Cheered on by a jubilant crowd, the Black Cats ensured their first game back in the top flight after an eight-year absence was a memorable one with a sensational second-half showing.",Dan Ballard,Defender,0.9869,0.213,0.0,0.787,https://www.premierleague.com/en/match/2561899/sunderland-vs-west-ham-united,,
2025,1,Tottenham Hotspur vs Burnley,Spurs,Burnley,4-3-3,Guglielmo Vicario; Pedro Porro; Cristian Romero; Micky van de Ven; Djed Spence; Pape Matar Sarr; Archie Gray; Lucas Bergvall; Mohammed Kudus; Richarlison de Andrade; Brennan Johnson,João Palhinha (80'); Mathys Tel (85'); Dominic Solanke (71'); Wilson Odobert (80'); Rodrigo Bentancur (71'),5-4-1,Martin Dúbravka; Oliver Sonne; Kyle Walker; Hjalmar Ekdal; Maxime Estève; Quilindschy Hartman; Hannibal Mejbri; Josh Laurent; Josh Cullen; Jaidon Anthony; Lyle Foster,Jacob Bruun Larsen (63'); Lesley Ugochukwu (63'); Marcus Edwards (85'); Loum Tchaouna (74'); Zian Flemming (74'),67.3%,32.7%,2.32,0.94,16,14,6,4,6,5,4,3,3,2,0,0,1,1,27 (30%),14 (21%),9,7,4,7,511 (88%),246 (74%),42 (48%),45 (40%),1 (100%),1 (100%),676,410,26,25,9 (75%),2 (33%),3,4,1,7,26,25,14,10,11,7,47,45,17,18,106.45km,107.51km,0,0,0,0,14,8,0,4,https://www.premierleague.com/en/match/2561900/tottenham-hotspur-vs-burnley?tab=recap,https://www.premierleague.com/en/match/2561900/tottenham-hotspur-vs-burnley?tab=stats,Richarlison scored a spectacular scissor kick to help Thomas Frank win his first Premier League match in charge of Tottenham Hotspur 3-0 against Burnley. Richarlison and Mohammed Kudus put on a show in Spurs’ opener as the pair combined for the first two goals. Richarlison scored a spectacular scissor kick to help Thomas Frank win his first Premier League match in charge of Tottenham Hotspur 3-0 against Burnley. Richarlison and Mohammed Kudus put on a show in Spurs’ opener as the pair combined for the first two goals. Richarlison scored a spectacular scissor kick to help Thomas Frank win his first Premier League match in charge of Tottenham Hotspur 3-0 against Burnley. Richarlison and Mohammed Kudus put on a show in Spurs’ opener as the pair combined for the first two goals.,Mohammed Kudus,Forward,0.9612,0.14,0.0,0.86,https://www.premierleague.com/en/match/2561900/tottenham-hotspur-vs-burnley,1,0
2025,1,Wolverhampton Wanderers vs Manchester City,Wolves,Man City,3-4-3,José Pedro Malheiro de Sá; Matt Doherty; Emmanuel Agbadou; Tote António Gomes; Ki-Jana Hoever; André Trindade da Costa Neto; João Victor Gomes da Silva; David Møller Wolfe; Marshall Munetsi; Jørgen Strand Larsen; Jean-Ricner Bellegarde,Hugo Bueno (72'); Jhon Arias (73'); Hwang Hee-Chan (82'); Rodrigo Gomes (73'); Fer López (72'),4-3-3,James Trafford; Rico Lewis; John Stones; Rúben dos Santos Gato Alves Dias; Rayan Aït-Nouri; Tijjani Reijnders; Nico González; Bernardo Mota Veiga de Carvalho e Silva; Oscar Bobb; Erling Haaland; Jérémy Doku,Omar Marmoush (66'); Rayan Cherki (73'); Matheus Nunes (66'); Nico O'Reilly (66'); Abdukodir Khusanov (82'),41.6%,58.4%,0.56,2.47,9,15,3,4,4,5,0,3,3,0,0,0,0,3,20 (20%),20 (30%),3,7,3,7,394 (83%),563 (91%),48 (50%),30 (43%),1 (100%),1 (100%),576,765,19,28,17 (68%),11 (61%),7,7,6,7,20,22,9,25,5,14,42,55,5,10,107.38km,117.07km,0,0,1,2,13,7,4,0,https://www.premierleague.com/en/match/2561901/wolverhampton-wanderers-vs-manchester-city?tab=recap,https://www.premierleague.com/en/match/2561901/wolverhampton-wanderers-vs-manchester-city?tab=stats,"Tijjani Reijnders and Rayan Cherki scored on their Premier League debuts as Manchester City thrashed Wolverhampton Wanderers 4-0 at Molineux to kickstart their 2025/26 campaign. Erling Haaland maintained his perfect goalscoring record in Premier League Matchweek 1 fixtures with a 34th-minute tap-in, then made it a brace just after the hour. Tijjani Reijnders and Rayan Cherki scored on their Premier League debuts as Manchester City thrashed Wolverhampton Wanderers 4-0 at Molineux to kickstart their 2025/26 campaign. Erling Haaland maintained his perfect goalscoring record in Premier League Matchweek 1 fixtures with a 34th-minute tap-in, then made it a brace just after the hour. Tijjani Reijnders and Rayan Cherki scored on their Premier League debuts as Manchester City thrashed Wolverhampton Wanderers 4-0 at Molineux to kickstart their 2025/26 campaign. Erling Haaland maintained his perfect goalscoring record in Premier League Matchweek 1 fixtures with a 34th-minute tap-in, then made it a brace just after the hour.",Tijjani Reijnders,Midfielder,0.9022,0.073,0.0,0.927,https://www.premierleague.com/en/match/2561901/wolverhampton-wanderers-vs-manchester-city,0,1
2025,1,Chelsea vs Crystal Palace,Chelsea,Crystal Palace,4-2-3-1,Robert Sánchez; Reece James; Josh Acheampong; Trevoh Chalobah; Marc Cucurella; Enzo Fernández; Moisés Caicedo; Pedro Lomba Neto; Cole Palmer; Jamie Gittens; João Pedro Junqueira de Jesus,Liam Delap (73'); Andrey Santos (79'); Malo Gusto (79'); Estêvão (54'),3-4-2-1,Dean Henderson; Chris Richards; Maxence Lacroix; Marc Guéhi; Daniel Muñoz; Adam Wharton; Will Hughes; Tyrick Mitchell; Ismaïla Sarr; Eberechi Eze; Jean-Philippe Mateta,Jefferson Lerma (70'); Justin Devenny (84'),71.5%,28.5%,1.6,0.66,19,11,3,4,11,2,4,2,3,1,0,0,1,1,29 (21%),11 (9%),7,3,8,7,568 (90%),226 (74%),49 (43%),43 (42%),4 (25%),1 (0%),763,410,31,8,6 (46%),13 (81%),14,14,11,7,19,41,24,7,12,5,52,47,17,16,101.1km,105.19km,0,0,2,3,10,12,,,https://www.premierleague.com/en/match/2561902/chelsea-vs-crystal-palace?tab=recap,https://www.premierleague.com/en/match/2561902/chelsea-vs-crystal-palace?tab=stats,"A dominant Chelsea struggled to break down Crystal Palace as the spoils were shared as the London derby at Stamford Bridge ended 0-0. Enzo Maresca’s side looked like they were setting the tone when Marc Cucurella’s early header was cleared off the line, but they were unable to maintain their quick start. A dominant Chelsea struggled to break down Crystal Palace as the spoils were shared as the London derby at Stamford Bridge ended 0-0. Enzo Maresca’s side looked like they were setting the tone when Marc Cucurella’s early header was cleared off the line, but they were unable to maintain their quick start. A dominant Chelsea struggled to break down Crystal Palace as the spoils were shared as the London derby at Stamford Bridge ended 0-0. Enzo Maresca’s side looked like they were setting the tone when Marc Cucurella’s early header was cleared off the line, but they were unable to maintain their quick start.",Robert Sánchez,Goalkeeper,0.8641,0.121,0.047,0.832,https://www.premierleague.com/en/match/2561902/chelsea-vs-crystal-palace,,
2025,1,Manchester United vs Arsenal,Man Utd,Arsenal,3-4-2-1,Altay Bayindir; Leny Yoro; Matthijs de Ligt; Luke Shaw; José Diogo Dalot Teixeira; Carlos Henrique Casimiro; Bruno Miguel Borges Fernandes; Patrick Dorgu; Bryan Mbeumo; Mason Mount; Matheus Santos Carneiro da Cunha,Harry Maguire (80'); Amad Diallo (55'); Manuel Ugarte (65'); Benjamin Sesko (65'),4-3-3,David Raya; Ben White; William Saliba; Gabriel dos Santos Magalhães; Riccardo Calafiori; Martin Ødegaard; Martín Zubimendi; Declan Rice; Bukayo Saka; Viktor Gyökeres; Gabriel Teodoro Martinelli Silva,Jurriën Timber (71'); Noni Madueke (60'); Mikel Merino (83'); Kai Havertz (60'); Myles Lewis-Skelly (72'),61.1%,38.9%,1.52,1.31,22,9,7,3,3,4,2,7,5,1,2,0,,,15 (20%),11 (18%),7,3,7,4,475 (83%),294 (74%),67 (61%),49 (41%),4 (50%),2 (50%),672,499,36,20,11 (50%),10 (56%),11,11,4,4,23,30,13,25,9,9,70,53,23,16,106.37km,112.43km,0,0,1,4,10,19,1,2,https://www.premierleague.com/en/match/2561903/manchester-united-vs-arsenal?tab=recap,https://www.premierleague.com/en/match/2561903/manchester-united-vs-arsenal?tab=stats,"Riccardo Calafiori's early header proved decisive as Arsenal battled to a 1-0 win over Manchester United in their 2025/26 Premier League opener at Old Trafford on Sunday. Arsenal's mastery of corners continued as they scored from their first of the new campaign just 13 minutes in, with Calafiori aided by some suspect goalkeeping from Altay Bayindir. Riccardo Calafiori's early header proved decisive as Arsenal battled to a 1-0 win over Manchester United in their 2025/26 Premier League opener at Old Trafford on Sunday. Arsenal's mastery of corners continued as they scored from their first of the new campaign just 13 minutes in, with Calafiori aided by some suspect goalkeeping from Altay Bayindir. Riccardo Calafiori's early header proved decisive as Arsenal battled to a 1-0 win over Manchester United in their 2025/26 Premier League opener at Old Trafford on Sunday. Arsenal's mastery of corners continued as they scored from their first of the new campaign just 13 minutes in, with Calafiori aided by some suspect goalkeeping from Altay Bayindir.",David Raya,Goalkeeper,0.9231,0.135,0.07,0.795,https://www.premierleague.com/en/match/2561903/manchester-united-vs-arsenal,0,1
2025,1,Nottingham Forest vs Brentford,Nott'm Forest,Brentford,4-2-3-1,Matz Sels; Ola Aina; Nikola Milenkovic; Murillo Santiago Costa dos Santos; Neco Williams; Ibrahim Sangaré; Elliot Anderson; Dan Ndoye; Morgan Gibbs-White; Callum Hudson-Odoi; Chris Wood,Igor Jesus (79'); Jota Silva (79'); Ryan Yates (84'),4-2-3-1,Caoimhín Kelleher; Michael Kayode; Nathan Collins; Sepp van den Berg; Rico Henry; Yehor Yarmoliuk; Mathias Jensen; Keane Lewis-Potter; Antoni Milambo; Fábio Leandro Freitas Gouveia de Carvalho; Igor Thiago Nascimento Rodrigues,Aaron Hickey (88'); Jordan Henderson (69'); Kevin Schade (45'); Frank Onyeka (69'),54.4%,45.6%,1.83,1.49,11,10,5,3,5,5,2,2,0,1,0,0,4,0,24 (21%),16 (19%),4,4,5,3,417 (82%),346 (78%),54 (33%),44 (32%),3 (67%),0 (0%),613,533,25,19,7 (58%),6 (30%),5,5,9,5,24,27,15,14,9,7,53,48,20,16,104.83km,108.72km,0,0,1,2,7,15,2,0,https://www.premierleague.com/en/match/2561898/nottingham-forest-vs-brentford?tab=recap,https://www.premierleague.com/en/match/2561898/nottingham-forest-vs-brentford?tab=stats,"Chris Wood scored twice and Morgan Gibbs-White turned in a sensational display as Nottingham Forest cruised to a 3-1 win over Brentford at the City Ground. Playing their first Premier League game under new boss Keith Andrews, Brentford weren't a match for a rampant Forest. Chris Wood scored twice and Morgan Gibbs-White turned in a sensational display as Nottingham Forest cruised to a 3-1 win over Brentford at the City Ground. Playing their first Premier League game under new boss Keith Andrews, Brentford weren't a match for a rampant Forest. Chris Wood scored twice and Morgan Gibbs-White turned in a sensational display as Nottingham Forest cruised to a 3-1 win over Brentford at the City Ground. Playing their first Premier League game under new boss Keith Andrews, Brentford weren't a match for a rampant Forest.",Chris Wood,Forward,0.9413,0.126,0.0,0.874,https://www.premierleague.com/en/match/2561898/nottingham-forest-vs-brentford,2,1
2025,1,Leeds United vs Everton,Leeds,Everton,4-3-3,Lucas Estella Perri; Jayden Bogle; Joe Rodon; Pascal Struijk; Gabriel Gudmundsson; Ao Tanaka; Ethan Ampadu; Anton Stach; Daniel James; Joël Piroe; Wilfried Gnonto,Sean Longstaff (94'); Brenden Aaronson (67'); Lukas Nmecha (78'); Jack Harrison (78'); Ilia Gruev (78'),4-2-3-1,Jordan Pickford; Jake O'Brien; James Tarkowski; Michael Keane; James Garner; Tim Iroegbunam; Idrissa Gueye; Charly Alcaraz; Kiernan Dewsbury-Hall; Iliman Ndiaye; Norberto Bercique Gomes Betuncal,Thierno Barry (86'); Jack Grealish (71'),54.4%,45.6%,2.13,0.8,21,7,3,1,7,2,1,2,1,1,0,0,1,0,26 (27%),11 (36%),7,3,9,2,481 (83%),411 (79%),56 (45%),56 (32%),0 (0%),0 (0%),675,602,28,14,7 (47%),12 (75%),15,13,9,2,30,31,15,18,6,6,45,47,18,19,110.51km,105.11km,0,0,0,2,6,8,1,2,https://www.premierleague.com/en/match/2561904/leeds-united-vs-everton?tab=recap,https://www.premierleague.com/en/match/2561904/leeds-united-vs-everton?tab=stats,"Lukas Nmecha enjoyed a dream Leeds United debut as his late penalty handed them a 1-0 victory over Everton in their first game of the 2025/26 Premier League season. Nmecha, who joined Daniel Farke's side on a free transfer in June after leaving Bundesliga club Wolfsburg, came off the bench to slot home from the spot in the 84th minute. Lukas Nmecha enjoyed a dream Leeds United debut as his late penalty handed them a 1-0 victory over Everton in their first game of the 2025/26 Premier League season. Nmecha, who joined Daniel Farke's side on a free transfer in June after leaving Bundesliga club Wolfsburg, came off the bench to slot home from the spot in the 84th minute. Lukas Nmecha enjoyed a dream Leeds United debut as his late penalty handed them a 1-0 victory over Everton in their first game of the 2025/26 Premier League season. Nmecha, who joined Daniel Farke's side on a free transfer in June after leaving Bundesliga club Wolfsburg, came off the bench to slot home from the spot in the 84th minute.",Gabriel Gudmundsson,Defender,0.9726,0.172,0.045,0.783,https://www.premierleague.com/en/match/2561904/leeds-united-vs-everton,1,0
2025,2,West Ham United vs Chelsea,West Ham,Chelsea,3-4-1-2,Mads Hermansen; Jean-Clair Todibo; Maximilian Kilman; Nayef Aguerd; Aaron Wan-Bissaka; James Ward-Prowse; Tomás Soucek; El Hadji Malick Diouf; Lucas Tolentino Coelho de Lima; Jarrod Bowen; Niclas Füllkrug,Kyle Walker-Peters (70'); Callum Wilson (45'); Freddie Potts (45'),4-2-3-1,Robert Sánchez; Malo Gusto; Trevoh Chalobah; Tosin Adarabioyo; Marc Cucurella; Moisés Caicedo; Enzo Fernández; Estêvão Willian Almeida de Oliveira Gonçalves; João Pedro Junqueira de Jesus; Pedro Lomba Neto; Liam Delap,Jamie Gittens (77'); Andrey Santos (62'); Jorrel Hato (69'); Reece James (69'); Wesley Fofana (69'),40.8%,59.2%,0.73,2.74,12,12,4,7,7,5,2,3,2,2,0,0,1,6,16 (44%),15 (20%),5,4,3,2,392 (86%),577 (88%),35 (43%),43 (40%),0 (0%),1 (100%),569,714,19,26,6 (55%),13 (68%),5,4,7,4,29,17,15,8,5,4,39,45,14,15,110.85km,105.03km,0,0,0,1,7,10,4,2,https://www.premierleague.com/en/match/2561914/west-ham-united-vs-chelsea?tab=recap,https://www.premierleague.com/en/match/2561914/west-ham-united-vs-chelsea?tab=stats,"Chelsea thrashed West Ham United 5-1 to earn their first victory of the 2025/26 Premier League campaign and pile more pressure on their former head coach Graham Potter. The Blues lost talisman Cole Palmer from their starting XI when he limped out of their warm-up at London Stadium, and they fell behind to a spectacular sixth-minute strike from Lucas Paqueta, but their response was emphatic. Chelsea thrashed West Ham United 5-1 to earn their first victory of the 2025/26 Premier League campaign and pile more pressure on their former head coach Graham Potter. The Blues lost talisman Cole Palmer from their starting XI when he limped out of their warm-up at London Stadium, and they fell behind to a spectacular sixth-minute strike from Lucas Paqueta, but their response was emphatic. Chelsea thrashed West Ham United 5-1 to earn their first victory of the 2025/26 Premier League campaign and pile more pressure on their former head coach Graham Potter. The Blues lost talisman Cole Palmer from their starting XI when he limped out of their warm-up at London Stadium, and they fell behind to a spectacular sixth-minute strike from Lucas Paqueta, but their response was emphatic.",João Pedro,Midfielder,-0.8034,0.044,0.098,0.858,https://www.premierleague.com/en/match/2561914/west-ham-united-vs-chelsea,0,5
2025,2,AFC Bournemouth vs Wolverhampton Wanderers,Bournemouth,Wolves,4-1-4-1,Djordje Petrovic; Adam Smith; Bafodé Diakité; Marcos Senesi; Adrien Truffert; Tyler Adams; David Brooks; Alex Scott; Marcus Tavernier; Antoine Semenyo; Francisco Evanilson de Lima Barbosa,Ryan Christie (66'); Amine Adli (66'); Justin Kluivert (78'); Eli Kroupi (88'); James Hill (88'),3-4-3,José Pedro Malheiro de Sá; Matt Doherty; Emmanuel Agbadou; Tote António Gomes; Ki-Jana Hoever; Jean-Ricner Bellegarde; João Victor Gomes da Silva; David Møller Wolfe; Marshall Munetsi; Jørgen Strand Larsen; Jhon Arias,Hugo Bueno (45'); Santiago Bueno (56'); André (45'); Hwang Hee-Chan (78'); Jackson Tchatchoua (35'),58.8%,41.2%,1.29,0.46,14,6,4,1,8,3,1,3,1,1,1,0,2,0,20 (15%),17 (29%),5,3,6,3,447 (87%),307 (73%),51 (45%),59 (49%),2 (50%),0 (0%),651,491,30,14,9 (75%),14 (67%),7,7,6,9,32,30,22,8,10,5,45,64,8,25,106.28km,100.77km,0,1,2,4,13,16,2,2,https://www.premierleague.com/en/match/2561905/bournemouth-vs-wolverhampton-wanderers?tab=recap,https://www.premierleague.com/en/match/2561905/bournemouth-vs-wolverhampton-wanderers?tab=stats,"Marcus Tavernier’s early goal was enough to give AFC Bournemouth their first win of the Premier League season as they defeated 10-man Wolverhampton Wanderers. Having given defending champions Liverpool a run for their money in the season opener at Anfield, Bournemouth were dominant on their return to Vitality Stadium. Marcus Tavernier’s early goal was enough to give AFC Bournemouth their first win of the Premier League season as they defeated 10-man Wolverhampton Wanderers. Having given defending champions Liverpool a run for their money in the season opener at Anfield, Bournemouth were dominant on their return to Vitality Stadium. Marcus Tavernier’s early goal was enough to give AFC Bournemouth their first win of the Premier League season as they defeated 10-man Wolverhampton Wanderers. Having given defending champions Liverpool a run for their money in the season opener at Anfield, Bournemouth were dominant on their return to Vitality Stadium.",Marcus Tavernier,Midfielder,0.9595,0.168,0.055,0.777,https://www.premierleague.com/en/match/2561905/bournemouth-vs-wolverhampton-wanderers,1,0
2025,2,Arsenal vs Leeds United,Arsenal,Leeds,4-3-3,David Raya; Jurriën Timber; William Saliba; Gabriel dos Santos Magalhães; Riccardo Calafiori; Martin Ødegaard; Martín Zubimendi; Declan Rice; Bukayo Saka; Viktor Gyökeres; Noni Madueke,Cristhian Mosquera (64'); Leandro Trossard (53'); Ethan Nwaneri (38'); Myles Lewis-Skelly (64'); Max Dowman (64'),4-3-3,Lucas Estella Perri; Jayden Bogle; Joe Rodon; Pascal Struijk; Gabriel Gudmundsson; Ao Tanaka; Ilia Gruev; Anton Stach; Daniel James; Joël Piroe; Wilfried Gnonto,Sean Longstaff (58'); Brenden Aaronson (66'); Lukas Nmecha (58'); Noah Okafor (66'); Sam Byram (83'),67.5%,32.5%,2.88,0.17,18,3,5,1,2,2,1,0,0,1,0,0,1,0,19 (42%),5 (20%),9,0,5,1,599 (92%),290 (76%),35 (69%),37 (35%),3 (33%),0 (0%),780,417,34,6,8 (62%),12 (71%),7,5,5,6,7,20,24,12,12,4,48,33,13,4,112.88km,108.25km,0,0,0,2,8,11,,,https://www.premierleague.com/en/match/2561906/arsenal-vs-leeds-united?tab=recap,https://www.premierleague.com/en/match/2561906/arsenal-vs-leeds-united?tab=stats,"Viktor Gyokeres opened his Premier League account with a double as Arsenal romped to a 5-0 win over Leeds United, though Martin Odegaard and Bukayo Saka suffered injuries. With Eberechi Eze presented to Emirates Stadium crowd before kick-off and fellow new signing Gyokeres getting up and running in an emphatic victory, it was largely a day of celebration for Arsenal fans. Viktor Gyokeres opened his Premier League account with a double as Arsenal romped to a 5-0 win over Leeds United, though Martin Odegaard and Bukayo Saka suffered injuries. With Eberechi Eze presented to Emirates Stadium crowd before kick-off and fellow new signing Gyokeres getting up and running in an emphatic victory, it was largely a day of celebration for Arsenal fans. Viktor Gyokeres opened his Premier League account with a double as Arsenal romped to a 5-0 win over Leeds United, though Martin Odegaard and Bukayo Saka suffered injuries. With Eberechi Eze presented to Emirates Stadium crowd before kick-off and fellow new signing Gyokeres getting up and running in an emphatic victory, it was largely a day of celebration for Arsenal fans.",Viktor Gyökeres,Forward,0.8807,0.102,0.049,0.849,https://www.premierleague.com/en/match/2561906/arsenal-vs-leeds-united,2,0
2025,2,Brentford vs Aston Villa,Brentford,Aston Villa,4-2-3-1,Caoimhín Kelleher; Michael Kayode; Nathan Collins; Sepp van den Berg; Keane Lewis-Potter; Yehor Yarmoliuk; Jordan Henderson; Dango Ouattara; Mikkel Damsgaard; Kevin Schade; Igor Thiago Nascimento Rodrigues,Aaron Hickey (79'); Rico Henry (84'); Mathias Jensen (79'); Frank Onyeka (69'); Kristoffer Ajer (85'),4-2-3-1,Emiliano Martínez; Matty Cash; Tyrone Mings; Pau Torres; Lucas Digne; Boubacar Kamara; Amadou Onana; John McGinn; Youri Tielemans; Morgan Rogers; Ollie Watkins,Emiliano Buendía (16'); Donyell Malen (64'); Ian Maatsen (64'); Lamare Bogarde (74'); Evann Guessand (75'),23.6%,76.4%,1.21,1.19,9,17,2,2,2,9,2,1,1,0,0,0,1,1,11 (45%),27 (15%),4,7,1,5,178 (72%),587 (88%),48 (48%),41 (61%),3 (33%),4 (25%),396,785,25,43,15 (54%),12 (86%),12,11,11,6,45,12,15,24,8,8,62,52,17,21,109.49km,107.28km,0,0,1,2,11,9,1,0,https://www.premierleague.com/en/match/2561907/brentford-vs-aston-villa?tab=recap,https://www.premierleague.com/en/match/2561907/brentford-vs-aston-villa?tab=stats,"Dango Ouattara was the hero on his Brentford debut as the Bees edged out Aston Villa 1-0 at the Gtech Community Stadium. The former AFC Bournemouth winger, who arrived for a club-record fee last weekend, made an instant impact for Keith Andrews’ side as they registered their first victory of the season. Dango Ouattara was the hero on his Brentford debut as the Bees edged out Aston Villa 1-0 at the Gtech Community Stadium. The former AFC Bournemouth winger, who arrived for a club-record fee last weekend, made an instant impact for Keith Andrews’ side as they registered their first victory of the season. Dango Ouattara was the hero on his Brentford debut as the Bees edged out Aston Villa 1-0 at the Gtech Community Stadium. The former AFC Bournemouth winger, who arrived for a club-record fee last weekend, made an instant impact for Keith Andrews’ side as they registered their first victory of the season.",Dango Ouattara,Midfielder,0.8957,0.067,0.0,0.933,https://www.premierleague.com/en/match/2561907/brentford-vs-aston-villa,1,0
2025,2,Burnley vs Sunderland,Burnley,Sunderland,4-2-3-1,Martin Dúbravka; Kyle Walker; Hjalmar Ekdal; Maxime Estève; Quilindschy Hartman; Lesley Ugochukwu; Josh Cullen; Jacob Bruun Larsen; Hannibal Mejbri; Jaidon Anthony; Lyle Foster,Joe Worrall (83'); Loum Tchaouna (83'); Zian Flemming (86'); Oliver Sonne (69'); Josh Laurent (69'),4-3-3,Robin Roefs; Trai Hume; Dan Ballard; Omar Alderete; Reinildo Isnard Mandava; Habib Diarra; Granit Xhaka; Noah Sadiki; Chemsdine Talbi; Eliezer Mayenda; Simon Adingra,Marc Guiu (80'); Patrick Roberts (63'); Wilson Isidor (63'); Jenson Seelt (9'); Enzo Le Fée (63'),41.9%,58.1%,1,0.77,7,9,2,1,4,3,1,0,0,1,1,0,2,2,15 (27%),24 (21%),4,3,3,3,442 (81%),616 (86%),57 (26%),44 (36%),2 (50%),5 (20%),632,801,17,17,11 (50%),8 (44%),6,6,7,7,29,27,11,9,3,2,45,48,15,19,115.31km,111.84km,0,0,0,1,9,5,0,2,https://www.premierleague.com/en/match/2561908/burnley-vs-sunderland?tab=recap,https://www.premierleague.com/en/match/2561908/burnley-vs-sunderland?tab=stats,"Second-half goals from Josh Cullen and Jaidon Anthony earned Burnley their first win of the 2025/26 season as they overcame Sunderland 2-0. While Sunderland claimed a 3-0 win over West Ham United in their first Premier League game since 2017 on the opening weekend, Burnley were dispatched by the same scoreline away at Tottenham Hotspur. Second-half goals from Josh Cullen and Jaidon Anthony earned Burnley their first win of the 2025/26 season as they overcame Sunderland 2-0. While Sunderland claimed a 3-0 win over West Ham United in their first Premier League game since 2017 on the opening weekend, Burnley were dispatched by the same scoreline away at Tottenham Hotspur. Second-half goals from Josh Cullen and Jaidon Anthony earned Burnley their first win of the 2025/26 season as they overcame Sunderland 2-0. While Sunderland claimed a 3-0 win over West Ham United in their first Premier League game since 2017 on the opening weekend, Burnley were dispatched by the same scoreline away at Tottenham Hotspur.",Maxime Estève,Defender,0.9851,0.169,0.0,0.831,https://www.premierleague.com/en/match/2561908/burnley-vs-sunderland,1,0
2025,2,Manchester City vs Tottenham Hotspur,Man City,Spurs,4-1-4-1,James Trafford; Rico Lewis; John Stones; Rúben dos Santos Gato Alves Dias; Rayan Aït-Nouri; Nico González; Oscar Bobb; Rayan Cherki; Tijjani Reijnders; Omar Khaled Mohamed Abdelsalam Marmoush; Erling Haaland,Nathan Aké (23'); Jérémy Doku (54'); Rodri (75'); Bernardo Silva (54'); Phil Foden (75'),4-3-3,Guglielmo Vicario; Pedro Porro; Cristian Romero; Micky van de Ven; Djed Spence; Pape Matar Sarr; João Maria Lobo Alves Palhares Costa Palhinha Gonçalves; Rodrigo Bentancur; Mohammed Kudus; Richarlison de Andrade; Brennan Johnson,Kevin Danso (91'); Lucas Bergvall (86'); Dominic Solanke (78'); Wilson Odobert (78'),61.4%,38.6%,1.55,1.11,10,12,4,5,7,2,3,4,2,3,0,0,2,1,19 (26%),11 (36%),3,5,4,2,525 (87%),331 (78%),39 (38%),58 (34%),2 (50%),1 (0%),728,532,34,26,10 (50%),16 (67%),5,5,6,7,23,25,15,23,7,8,51,47,12,8,114.39km,112km,0,0,1,4,7,12,0,1,https://www.premierleague.com/en/match/2561912/manchester-city-vs-tottenham-hotspur?tab=recap,https://www.premierleague.com/en/match/2561912/manchester-city-vs-tottenham-hotspur?tab=stats,"Tottenham Hotspur maintained their perfect start to the Premier League season under Thomas Frank with a superb 2-0 victory over Manchester City to make it two wins from two matches. First-half strikes from Brennan Johnson and Joao Palhinha, on his full debut, proved decisive at the Etihad Stadium, where Spurs have now gone three seasons unbeaten, after a 4-0 win last season and a 3-3 draw in 2023/24. Tottenham Hotspur maintained their perfect start to the Premier League season under Thomas Frank with a superb 2-0 victory over Manchester City to make it two wins from two matches. First-half strikes from Brennan Johnson and Joao Palhinha, on his full debut, proved decisive at the Etihad Stadium, where Spurs have now gone three seasons unbeaten, after a 4-0 win last season and a 3-3 draw in 2023/24. Tottenham Hotspur maintained their perfect start to the Premier League season under Thomas Frank with a superb 2-0 victory over Manchester City to make it two wins from two matches. First-half strikes from Brennan Johnson and Joao Palhinha, on his full debut, proved decisive at the Etihad Stadium, where Spurs have now gone three seasons unbeaten, after a 4-0 win last season and a 3-3 draw in 2023/24.",João Palhinha,Midfielder,0.9928,0.219,0.032,0.75,https://www.premierleague.com/en/match/2561912/manchester-city-vs-tottenham-hotspur,0,2
2025,2,Crystal Palace vs Nottingham Forest,Crystal Palace,Nott'm Forest,3-4-3,Dean Henderson; Chris Richards; Maxence Lacroix; Marc Guéhi; Daniel Muñoz; Adam Wharton; Will Hughes; Tyrick Mitchell; Ismaïla Sarr; Jean-Philippe Mateta; Justin Devenny,Jefferson Lerma (82'); Romain Esse (66'); Odsonne Édouard (88'),4-2-3-1,Matz Sels; Ola Aina; Nikola Milenkovic; Murillo Santiago Costa dos Santos; Neco Williams; Ibrahim Sangaré; Elliot Anderson; Dan Ndoye; Morgan Gibbs-White; Callum Hudson-Odoi; Chris Wood,Arnaud Kalimuendo (71'); Igor Jesus (88'); Omari Hutchinson (82'); Ryan Yates (88'); James McAtee (72'),42.1%,57.9%,1.1,0.93,8,9,4,1,1,3,0,3,2,0,1,1,2,1,18 (33%),26 (12%),4,7,1,1,377 (76%),514 (86%),49 (16%),56 (55%),1 (0%),2 (100%),534,691,21,20,11 (55%),7 (58%),1,1,7,10,21,15,7,18,3,6,49,45,16,17,104.8km,100.77km,0,0,3,3,11,11,2,2,https://www.premierleague.com/en/match/2561909/crystal-palace-vs-nottingham-forest?tab=recap,https://www.premierleague.com/en/match/2561909/crystal-palace-vs-nottingham-forest?tab=stats,"Crystal Palace and Nottingham Forest continued their unbeaten starts to the 2025/26 Premier League season as they played out a 1-1 draw on Sunday. The spoils were shared after an entertaining match at Selhurst Park, where Callum Hudson-Odoi cancelled out Ismaila Sarr’s first-half effort. Crystal Palace and Nottingham Forest continued their unbeaten starts to the 2025/26 Premier League season as they played out a 1-1 draw on Sunday. The spoils were shared after an entertaining match at Selhurst Park, where Callum Hudson-Odoi cancelled out Ismaila Sarr’s first-half effort. Crystal Palace and Nottingham Forest continued their unbeaten starts to the 2025/26 Premier League season as they played out a 1-1 draw on Sunday. The spoils were shared after an entertaining match at Selhurst Park, where Callum Hudson-Odoi cancelled out Ismaila Sarr’s first-half effort.",Ismaïla Sarr,Forward,0.9442,0.158,0.041,0.801,https://www.premierleague.com/en/match/2561909/crystal-palace-vs-nottingham-forest,1,1
2025,2,Everton vs Brighton and Hove Albion,Everton,Brighton,4-2-3-1,Jordan Pickford; Jake O'Brien; James Tarkowski; Michael Keane; James Garner; Tim Iroegbunam; Idrissa Gueye; Iliman Ndiaye; Kiernan Dewsbury-Hall; Jack Grealish; Thierno Barry,Dwight McNeil (71'); Beto (64'); Charly Alcaraz (64'); Harrison Armstrong (94'),4-2-3-1,Bart Verbruggen; Mats Wieffer; Jan Paul van Hecke; Lewis Dunk; Maxim De Cuyper; Carlos Baleba; Yasin Ayari; Yankuba Minteh; Matt O'Riley; Kaoru Mitoma; Danny Welbeck,Brajan Gruda (85'); Jack Hinshelwood (45'); Ferdi Kadioglu (67'); Diego Gómez (67'),42.4%,57.6%,1.6,2.43,11,13,3,4,2,2,4,1,0,2,0,1,2,1,12 (33%),11 (27%),7,5,5,6,362 (75%),490 (84%),69 (45%),44 (27%),1 (0%),0 (0%),545,676,18,29,8 (53%),8 (47%),4,6,8,5,35,24,16,13,9,8,70,47,31,16,108.85km,109.12km,0,0,4,3,7,15,0,6,https://www.premierleague.com/en/match/2561910/everton-vs-brighton-and-hove-albion?tab=recap,https://www.premierleague.com/en/match/2561910/everton-vs-brighton-and-hove-albion?tab=stats,"Jordan Pickford saved a penalty and Jack Grealish marked his first start with two assists as Everton won their first Premier League match at Hill Dickinson Stadium, beating Brighton and Hove Albion 2-0. The hosts rode their luck at times, but goals from Iliman Ndiaye and James Garner got David Moyes’ team up and running at their new home. Jordan Pickford saved a penalty and Jack Grealish marked his first start with two assists as Everton won their first Premier League match at Hill Dickinson Stadium, beating Brighton and Hove Albion 2-0. The hosts rode their luck at times, but goals from Iliman Ndiaye and James Garner got David Moyes’ team up and running at their new home. Jordan Pickford saved a penalty and Jack Grealish marked his first start with two assists as Everton won their first Premier League match at Hill Dickinson Stadium, beating Brighton and Hove Albion 2-0. The hosts rode their luck at times, but goals from Iliman Ndiaye and James Garner got David Moyes’ team up and running at their new home.",Jack Grealish,Midfielder,0.9144,0.151,0.095,0.754,https://www.premierleague.com/en/match/2561910/everton-vs-brighton-and-hove-albion,1,0
2025,2,Fulham vs Manchester United,Fulham,Man Utd,4-2-3-1,Bernd Leno; Kenny Tete; Joachim Andersen; Calvin Bassey; Ryan Sessegnon; Sasa Lukic; Sander Berge; Timothy Castagne; Josh King; Alex Iwobi; Rodrigo Muniz Carvalho,Raúl Jiménez (71'); Harry Wilson (62'); Emile Smith Rowe (71'); Antonee Robinson (62'),3-4-2-1,Altay Bayindir; Leny Yoro; Matthijs de Ligt; Luke Shaw; Amad Diallo; Carlos Henrique Casimiro; Bruno Miguel Borges Fernandes; Patrick Dorgu; Bryan Mbeumo; Mason Mount; Matheus Santos Carneiro da Cunha,Diogo Dalot (52'); Harry Maguire (87'); Manuel Ugarte (69'); Ayden Heaven (87'); Benjamin Sesko (53'),52.4%,47.6%,1.76,1.63,13,10,4,3,9,6,3,2,2,2,0,1,3,1,33 (30%),14 (29%),4,6,3,2,419 (84%),397 (83%),43 (49%),56 (39%),2 (100%),1 (0%),611,575,38,25,8 (80%),11 (65%),7,6,8,5,24,27,13,7,2,2,41,53,20,23,106.07km,103.69km,0,0,1,1,12,10,2,1,https://www.premierleague.com/en/match/2561911/fulham-vs-manchester-united?tab=recap,https://www.premierleague.com/en/match/2561911/fulham-vs-manchester-united?tab=stats,"Emile Smith Rowe denied Manchester United their first win of the 2025/26 Premier League season as Fulham rallied to earn a 1-1 draw at Craven Cottage. United, who had Bruno Fernandes miss a first-half penalty following Calvin Bassey’s foul on Mason Mount, were on course for victory when Leny Yoro's 58th-minute header struck Rodrigo Muniz on the back and wrong-footed Bernd Leno. Emile Smith Rowe denied Manchester United their first win of the 2025/26 Premier League season as Fulham rallied to earn a 1-1 draw at Craven Cottage. United, who had Bruno Fernandes miss a first-half penalty following Calvin Bassey’s foul on Mason Mount, were on course for victory when Leny Yoro's 58th-minute header struck Rodrigo Muniz on the back and wrong-footed Bernd Leno. Emile Smith Rowe denied Manchester United their first win of the 2025/26 Premier League season as Fulham rallied to earn a 1-1 draw at Craven Cottage. United, who had Bruno Fernandes miss a first-half penalty following Calvin Bassey’s foul on Mason Mount, were on course for victory when Leny Yoro's 58th-minute header struck Rodrigo Muniz on the back and wrong-footed Bernd Leno.",Leny Yoro,Defender,0.5719,0.131,0.132,0.737,https://www.premierleague.com/en/match/2561911/fulham-vs-manchester-united,1,1
2025,2,Newcastle United vs Liverpool,Newcastle,Liverpool,4-3-3,Nick Pope; Kieran Trippier; Fabian Schär; Dan Burn; Tino Livramento; Bruno Guimarães Rodriguez Moura; Sandro Tonali; Joelinton Cássio Apolinário de Lira; Anthony Elanga; Anthony Gordon; Harvey Barnes,Lewis Hall (76'); Malick Thiaw (81'); William Osula (76'); Jacob Ramsey (76'); Lewis Miley (66'),4-2-3,Alisson Ramsés Becker; Dominik Szoboszlai; Ibrahima Konaté; Virgil van Dijk; Milos Kerkez; Ryan Gravenberch; Curtis Jones; Mohamed Salah Hamed Mahrous Ghaly; Florian Wirtz; Cody Gakpo; Hugo Ekitiké,Wataru Endo (102'); Conor Bradley (80'); Federico Chiesa (80'); Harvey Elliott (96'); Rio Ngumoha (96'),37.5%,62.5%,0.93,0.7,10,5,3,4,7,1,1,1,1,1,0,0,2,2,24 (17%),9 (22%),4,0,2,2,241 (68%),435 (83%),53 (28%),51 (31%),2 (0%),1 (0%),409,613,27,15,5 (42%),8 (62%),4,4,7,0,20,44,17,8,8,5,49,52,14,19,105.96km,104.8km,1,0,2,3,17,15,,,https://www.premierleague.com/en/match/2561913/newcastle-united-vs-liverpool?tab=recap,https://www.premierleague.com/en/match/2561913/newcastle-united-vs-liverpool?tab=stats,"Sixteen-year-old Rio Ngumoha scored the winner in the 10th minute of stoppage time on his Premier League debut as Liverpool earned a thrilling 3-2 victory over 10-man Newcastle United. Liverpool looked to be cruising towards back-to-back wins when they went two goals and a player up amid a fiery atmosphere at St James' Park, fuelled by their rumoured interest in Alexander Isak. Sixteen-year-old Rio Ngumoha scored the winner in the 10th minute of stoppage time on his Premier League debut as Liverpool earned a thrilling 3-2 victory over 10-man Newcastle United. Liverpool looked to be cruising towards back-to-back wins when they went two goals and a player up amid a fiery atmosphere at St James' Park, fuelled by their rumoured interest in Alexander Isak. Sixteen-year-old Rio Ngumoha scored the winner in the 10th minute of stoppage time on his Premier League debut as Liverpool earned a thrilling 3-2 victory over 10-man Newcastle United. Liverpool looked to be cruising towards back-to-back wins when they went two goals and a player up amid a fiery atmosphere at St James' Park, fuelled by their rumoured interest in Alexander Isak.",Hugo Ekitiké,Forward,0.9918,0.228,0.033,0.738,https://www.premierleague.com/en/match/2561913/newcastle-united-vs-liverpool,2,1
2025,3,Chelsea vs Fulham,Chelsea,Fulham,4-2-3,Robert Sánchez; Malo Gusto; Trevoh Chalobah; Tosin Adarabioyo; Marc Cucurella; Moisés Caicedo; Enzo Fernández; Estêvão Willian Almeida de Oliveira Gonçalves; João Pedro Junqueira de Jesus; Pedro Lomba Neto; Liam Delap,Jamie Gittens (68'); Andrey Santos (81'); Reece James (81'); Tyrique George (14'),4-2-3,Bernd Leno; Kenny Tete; Joachim Andersen; Calvin Bassey; Ryan Sessegnon; Sasa Lukic; Sander Berge; Timothy Castagne; Josh King; Alex Iwobi; Rodrigo Muniz Carvalho,Raúl Jiménez (59'); Harry Wilson (60'); Adama Traoré (84'); Emile Smith Rowe (67'); Antonee Robinson (67'),53.8%,46.2%,2.35,1.02,13,11,6,3,6,4,1,4,2,2,0,0,1,1,13 (31%),15 (33%),1,6,3,3,494 (87%),415 (81%),47 (36%),62 (40%),2 (50%),3 (33%),705,610,27,20,9 (47%),12 (41%),10,8,18,6,20,20,19,15,8,3,60,56,17,13,107.61km,112.32km,0,0,2,2,11,17,3,1,https://www.premierleague.com/en/match/2561917/chelsea-vs-fulham?tab=recap,https://www.premierleague.com/en/match/2561917/chelsea-vs-fulham?tab=stats,"Enzo Fernandez and Joao Pedro each scored for the second match running as Chelsea battled to back-to-back Premier League wins with a 2-0 victory over Fulham at Stamford Bridge. Joao Pedro followed up his goal in the 5-1 win over West Ham United last weekend with the opener on Saturday, heading home from Fernandez's corner nine minutes into first-half stoppage time. Enzo Fernandez and Joao Pedro each scored for the second match running as Chelsea battled to back-to-back Premier League wins with a 2-0 victory over Fulham at Stamford Bridge. Joao Pedro followed up his goal in the 5-1 win over West Ham United last weekend with the opener on Saturday, heading home from Fernandez's corner nine minutes into first-half stoppage time. Enzo Fernandez and Joao Pedro each scored for the second match running as Chelsea battled to back-to-back Premier League wins with a 2-0 victory over Fulham at Stamford Bridge. Joao Pedro followed up his goal in the 5-1 win over West Ham United last weekend with the opener on Saturday, heading home from Fernandez's corner nine minutes into first-half stoppage time.",João Pedro,Midfielder,0.9783,0.15,0.032,0.818,https://www.premierleague.com/en/match/2561917/chelsea-vs-fulham,2,0
2025,3,Leeds United vs Newcastle United,Leeds,Newcastle,4-3-3,Lucas Estella Perri; Jayden Bogle; Joe Rodon; Pascal Struijk; Gabriel Gudmundsson; Sean Longstaff; Ilia Gruev; Anton Stach; Daniel James; Lukas Nmecha; Wilfried Gnonto,Dominic Calvert-Lewin (70'); Brenden Aaronson (60'); Jack Harrison (60'); James Justin (80'),5-3-2,Nick Pope; Kieran Trippier; Fabian Schär; Sven Botman; Dan Burn; Tino Livramento; Bruno Guimarães Rodriguez Moura; Sandro Tonali; Jacob Ramsey; Jacob Murphy; William Osula,Lewis Hall (61'); Harvey Barnes (68'); Anthony Elanga (62'); Lewis Miley (45'),43%,57%,0.69,0.46,10,8,1,2,5,5,2,1,1,1,0,0,1,0,17 (24%),21 (10%),6,3,6,4,414 (79%),547 (85%),57 (28%),64 (47%),0 (0%),0 (0%),594,722,19,13,14 (78%),4 (40%),6,7,13,8,18,6,12,13,7,5,47,37,8,12,118.04km,120.06km,0,0,1,1,10,15,1,0,https://www.premierleague.com/en/match/2561918/leeds-united-vs-newcastle-united?tab=recap,https://www.premierleague.com/en/match/2561918/leeds-united-vs-newcastle-united?tab=stats,"Leeds United showed their defensive resolve at Elland Road again as they made it two clean sheets from two home matches this season, holding Newcastle United to a 0-0 draw. Leeds become the first promoted side to keep a clean sheet in both of their opening two home matches of a Premier League season since Huddersfield Town in 2017/18. Leeds United showed their defensive resolve at Elland Road again as they made it two clean sheets from two home matches this season, holding Newcastle United to a 0-0 draw. Leeds become the first promoted side to keep a clean sheet in both of their opening two home matches of a Premier League season since Huddersfield Town in 2017/18. Leeds United showed their defensive resolve at Elland Road again as they made it two clean sheets from two home matches this season, holding Newcastle United to a 0-0 draw. Leeds become the first promoted side to keep a clean sheet in both of their opening two home matches of a Premier League season since Huddersfield Town in 2017/18.",Nick Pope,Goalkeeper,0.9925,0.263,0.0,0.737,https://www.premierleague.com/en/match/2561918/leeds-united-vs-newcastle-united,,
2025,3,Manchester United vs Burnley,Man Utd,Burnley,3-4-2,Altay Bayindir; Leny Yoro; Matthijs de Ligt; Luke Shaw; Amad Diallo; Carlos Henrique Casimiro; Bruno Miguel Borges Fernandes; José Diogo Dalot Teixeira; Bryan Mbeumo; Mason Mount; Matheus Santos Carneiro da Cunha,Noussair Mazraoui (85'); Joshua Zirkzee (31'); Benjamin Sesko (72'); Kobbie Mainoo (45'),4-2-3,Martin Dúbravka; Kyle Walker; Hjalmar Ekdal; Maxime Estève; Quilindschy Hartman; Josh Cullen; Lesley Ugochukwu; Jacob Bruun Larsen; Hannibal Mejbri; Jaidon Anthony; Lyle Foster,Joe Worrall (83'); Loum Tchaouna (65'); Oliver Sonne (82'); Josh Laurent (76'),61.8%,38.2%,3.63,1.2,26,6,6,3,7,1,1,5,3,1,2,0,2,1,26 (50%),9 (11%),13,1,7,1,508 (82%),318 (71%),55 (58%),67 (36%),5 (20%),2 (50%),706,519,38,18,9 (56%),14 (70%),10,9,3,9,17,39,11,5,5,3,50,53,21,22,111.79km,113.7km,0,0,1,5,9,9,1,1,https://www.premierleague.com/en/match/2561920/manchester-united-vs-burnley?tab=recap,https://www.premierleague.com/en/match/2561920/manchester-united-vs-burnley?tab=stats,A stoppage-time penalty from Bruno Fernandes secured Manchester United and head coach Bruno Amorim their first win of the Premier League season as they beat Burnley 3-2 at Old Trafford. Fernandes – who missed from the spot last week at Fulham – converted in the seventh minute of additional time to secure a much-needed three points for Amorim’s side after their shock EFL Cup exit to League Two side Grimsby Town on penalties in midweek. A stoppage-time penalty from Bruno Fernandes secured Manchester United and head coach Bruno Amorim their first win of the Premier League season as they beat Burnley 3-2 at Old Trafford. Fernandes – who missed from the spot last week at Fulham – converted in the seventh minute of additional time to secure a much-needed three points for Amorim’s side after their shock EFL Cup exit to League Two side Grimsby Town on penalties in midweek. A stoppage-time penalty from Bruno Fernandes secured Manchester United and head coach Bruno Amorim their first win of the Premier League season as they beat Burnley 3-2 at Old Trafford. Fernandes – who missed from the spot last week at Fulham – converted in the seventh minute of additional time to secure a much-needed three points for Amorim’s side after their shock EFL Cup exit to League Two side Grimsby Town on penalties in midweek.,Bryan Mbeumo,Forward,0.9136,0.14,0.093,0.766,https://www.premierleague.com/en/match/2561920/manchester-united-vs-burnley,2,2
2025,3,Sunderland vs Brentford,Sunderland,Brentford,4-3-3,Robin Roefs; Trai Hume; Nordi Mukiele; Omar Alderete; Reinildo Isnard Mandava; Habib Diarra; Granit Xhaka; Noah Sadiki; Chemsdine Talbi; Eliezer Mayenda; Enzo Le Fée,Marc Guiu (87'); Wilson Isidor (65'); Simon Adingra (65'),4-2-3,Caoimhín Kelleher; Michael Kayode; Nathan Collins; Sepp van den Berg; Keane Lewis-Potter; Jordan Henderson; Yehor Yarmoliuk; Dango Ouattara; Mikkel Damsgaard; Kevin Schade; Igor Thiago Nascimento Rodrigues,Rico Henry (72'); Fábio Carvalho (90'); Frank Onyeka (71'),54.1%,45.9%,1.54,1.2,12,7,3,4,3,4,3,1,1,2,0,0,1,1,18 (17%),16 (38%),6,2,3,2,419 (81%),354 (80%),51 (45%),46 (37%),1 (0%),1 (100%),599,541,16,14,14 (50%),7 (78%),4,4,7,4,34,34,7,22,4,8,65,49,24,22,108.06km,107.95km,0,0,3,2,11,12,1,3,https://www.premierleague.com/en/match/2561922/sunderland-vs-brentford?tab=recap,https://www.premierleague.com/en/match/2561922/sunderland-vs-brentford?tab=stats,"Wilson Isidor played the role of super sub as his header in the sixth minute of second-half stoppage time saw Sunderland come from behind to beat Brentford 2-1. The spoils appeared set to be shared after Enzo Le Fee’s 82nd-minute penalty had cancelled out Igor Thiago’s opener, but Isidor popped up with a late winner at the Stadium of Light. Wilson Isidor played the role of super sub as his header in the sixth minute of second-half stoppage time saw Sunderland come from behind to beat Brentford 2-1. The spoils appeared set to be shared after Enzo Le Fee’s 82nd-minute penalty had cancelled out Igor Thiago’s opener, but Isidor popped up with a late winner at the Stadium of Light. Wilson Isidor played the role of super sub as his header in the sixth minute of second-half stoppage time saw Sunderland come from behind to beat Brentford 2-1. The spoils appeared set to be shared after Enzo Le Fee’s 82nd-minute penalty had cancelled out Igor Thiago’s opener, but Isidor popped up with a late winner at the Stadium of Light.",Enzo Le Fée,Forward,0.9849,0.202,0.075,0.723,https://www.premierleague.com/en/match/2561922/sunderland-vs-brentford,2,1
2025,3,Tottenham Hotspur vs AFC Bournemouth,Spurs,Bournemouth,4-3-3,Guglielmo Vicario; Pedro Porro; Cristian Romero; Micky van de Ven; Djed Spence; Rodrigo Bentancur; João Maria Lobo Alves Palhares Costa Palhinha Gonçalves; Pape Matar Sarr; Mohammed Kudus; Richarlison de Andrade; Brennan Johnson,Mathys Tel (76'); Destiny Udogie (71'); Lucas Bergvall (54'); Wilson Odobert (54'),4-2-3,Djordje Petrovic; Adam Smith; Bafodé Diakité; Marcos Senesi; Adrien Truffert; Tyler Adams; Alex Scott; David Brooks; Marcus Tavernier; Antoine Semenyo; Francisco Evanilson de Lima Barbosa,Ryan Christie (63'); Amine Adli (64'); Justin Kluivert (81'); Eli Kroupi (81'); James Hill (26'),61.4%,38.6%,0.19,1.59,5,20,1,6,0,8,5,1,1,4,0,0,0,2,20 (25%),18 (28%),3,9,2,5,477 (83%),296 (70%),52 (37%),57 (33%),1 (100%),2 (50%),709,517,18,29,8 (50%),13 (46%),6,6,4,9,33,31,27,16,10,8,56,69,17,16,110.45km,112.76km,0,0,2,4,17,13,2,3,https://www.premierleague.com/en/match/2561923/tottenham-hotspur-vs-bournemouth?tab=recap,https://www.premierleague.com/en/match/2561923/tottenham-hotspur-vs-bournemouth?tab=stats,Tottenham Hotspur’s perfect start to the 2025/26 Premier League season came to an end as they slipped to a 1-0 home defeat to AFC Bournemouth. Evanilson stunned the hosts in the fifth minute when his strike took a fortuitous deflection and looped in – the first time Spurs have conceded in the league under Thomas Frank. Tottenham Hotspur’s perfect start to the 2025/26 Premier League season came to an end as they slipped to a 1-0 home defeat to AFC Bournemouth. Evanilson stunned the hosts in the fifth minute when his strike took a fortuitous deflection and looped in – the first time Spurs have conceded in the league under Thomas Frank. Tottenham Hotspur’s perfect start to the 2025/26 Premier League season came to an end as they slipped to a 1-0 home defeat to AFC Bournemouth. Evanilson stunned the hosts in the fifth minute when his strike took a fortuitous deflection and looped in – the first time Spurs have conceded in the league under Thomas Frank.,Evanilson,Forward,-0.1531,0.063,0.101,0.836,https://www.premierleague.com/en/match/2561923/tottenham-hotspur-vs-bournemouth,,
2025,3,Wolverhampton Wanderers vs Everton,Wolves,Everton,3-4-3,José Pedro Malheiro de Sá; Santiago Bueno; Emmanuel Agbadou; Tote António Gomes; Jackson Tchatchoua; João Victor Gomes da Silva; André Trindade da Costa Neto; Hugo Bueno; Marshall Munetsi; Hee-Chan Hwang; Jhon Arias,David Møller Wolfe (75'); Sasa Kalajdzic (76'); Rodrigo Gomes (63'); Jean-Ricner Bellegarde (64'); Fer López (64'),4-2-3,Jordan Pickford; Jake O'Brien; James Tarkowski; Michael Keane; Vitalii Mykolenko; James Garner; Idrissa Gueye; Iliman Ndiaye; Kiernan Dewsbury-Hall; Jack Grealish; Norberto Bercique Gomes Betuncal,Thierno Barry (76'); Séamus Coleman (96'); Charly Alcaraz (88'); Tim Iroegbunam (76'),58.5%,41.5%,1.11,1.93,12,10,4,4,2,2,1,2,0,1,0,0,2,3,16 (50%),13 (15%),3,2,6,3,524 (80%),371 (74%),61 (36%),64 (36%),3 (0%),7 (57%),727,576,22,23,13 (57%),11 (69%),10,9,10,16,19,28,11,20,3,8,47,63,12,24,110.71km,114.75km,0,0,0,1,15,10,2,1,https://www.premierleague.com/en/match/2561924/wolverhampton-wanderers-vs-everton?tab=recap,https://www.premierleague.com/en/match/2561924/wolverhampton-wanderers-vs-everton?tab=stats,"Everton secured back-to-back Premier League wins with an entertaining 3-2 triumph over struggling Wolverhampton Wanderers, with Jack Grealish again playing a starring role. Having registered two assists against Brighton and Hove Albion in Everton's first competitive game at Hill Dickinson Stadium last week, Grealish provided another two at Molineux. Everton secured back-to-back Premier League wins with an entertaining 3-2 triumph over struggling Wolverhampton Wanderers, with Jack Grealish again playing a starring role. Having registered two assists against Brighton and Hove Albion in Everton's first competitive game at Hill Dickinson Stadium last week, Grealish provided another two at Molineux. Everton secured back-to-back Premier League wins with an entertaining 3-2 triumph over struggling Wolverhampton Wanderers, with Jack Grealish again playing a starring role. Having registered two assists against Brighton and Hove Albion in Everton's first competitive game at Hill Dickinson Stadium last week, Grealish provided another two at Molineux.",Jack Grealish,Midfielder,0.9875,0.266,0.047,0.687,https://www.premierleague.com/en/match/2561924/wolverhampton-wanderers-vs-everton,2,2
2025,3,Aston Villa vs Crystal Palace,Aston Villa,Crystal Palace,4-2-3,Marco Bizot; Matty Cash; Ezri Konsa; Tyrone Mings; Ian Maatsen; John McGinn; Youri Tielemans; Donyell Malen; Morgan Rogers; Evann Guessand; Ollie Watkins,Emiliano Buendía (45'); Lucas Digne (83'); Pau Torres (74'); Lamare Bogarde (84'); Bradley Burrowes (74'),3-4-2,Dean Henderson; Chris Richards; Maxence Lacroix; Marc Guéhi; Daniel Muñoz; Adam Wharton; Will Hughes; Tyrick Mitchell; Ismaïla Sarr; Daichi Kamada; Jean-Philippe Mateta,Jefferson Lerma (56'); Yéremy Pino (71'); Nathaniel Clyne (86'); Justin Devenny (85'),58.4%,41.6%,1.14,2.65,13,6,4,4,10,1,1,4,3,1,0,0,1,3,31 (19%),11 (18%),8,1,3,1,531 (89%),386 (85%),45 (64%),39 (44%),1 (0%),4 (50%),718,566,20,14,5 (45%),16 (62%),2,2,6,10,17,37,15,8,7,6,37,48,6,9,112.32km,115.84km,0,0,2,3,7,14,0,2,https://www.premierleague.com/en/match/2561915/aston-villa-vs-crystal-palace?tab=recap,https://www.premierleague.com/en/match/2561915/aston-villa-vs-crystal-palace?tab=stats,"Marc Guehi’s second-half stunner led Crystal Palace to their first win of the Premier League season after they comfortably beat a struggling Aston Villa 3-0. Guehi picked out the top-right corner in the 68th minute with a brilliant curling finish on what could be his last outing for Palace, amid rumours of a switch to Liverpool Marc Guehi’s second-half stunner led Crystal Palace to their first win of the Premier League season after they comfortably beat a struggling Aston Villa 3-0. Guehi picked out the top-right corner in the 68th minute with a brilliant curling finish on what could be his last outing for Palace, amid rumours of a switch to Liverpool Marc Guehi’s second-half stunner led Crystal Palace to their first win of the Premier League season after they comfortably beat a struggling Aston Villa 3-0. Crystal Palace Aston Villa Guehi picked out the top-right corner in the 68th minute with a brilliant curling finish on what could be his last outing for Palace, amid rumours of a switch to Liverpool Guehi th Liverpool",Marc Guéhi,Defender,0.9744,0.161,0.043,0.795,https://www.premierleague.com/en/match/2561915/aston-villa-vs-crystal-palace,0,2
2025,3,Brighton and Hove Albion vs Manchester City,Brighton,Man City,4-2-3,Bart Verbruggen; Joël Veltman; Jan Paul van Hecke; Lewis Dunk; Maxim De Cuyper; Carlos Baleba; Jack Hinshelwood; Yankuba Minteh; Diego Gómez; Kaoru Mitoma; Danny Welbeck,Brajan Gruda (61'); Georginio Rutter (61'); James Milner (60'); Yasin Ayari (61'); Diego Coppola (95'),4-3-3,James Trafford; Matheus Luiz Nunes; John Stones; Abdukodir Khusanov; Rayan Aït-Nouri; Bernardo Mota Veiga de Carvalho e Silva; Rodrigo Hernández Cascante; Tijjani Reijnders; Oscar Bobb; Erling Haaland; Omar Khaled Mohamed Abdelsalam Marmoush,Rúben Dias (85'); Jérémy Doku (72'); Nico O'Reilly (72'); Rico Lewis (85'),36.3%,63.7%,2.3,1.82,12,12,7,3,3,2,2,5,3,2,0,0,1,2,8 (38%),5 (20%),2,8,2,4,315 (75%),565 (87%),49 (29%),42 (45%),3 (33%),4 (75%),475,735,22,24,13 (76%),7 (47%),4,4,8,9,10,15,14,23,8,14,47,58,9,14,110.35km,109.5km,0,0,2,2,16,14,1,0,https://www.premierleague.com/en/match/2561916/brighton-and-hove-albion-vs-manchester-city?tab=recap,https://www.premierleague.com/en/match/2561916/brighton-and-hove-albion-vs-manchester-city?tab=stats,"Brighton & Hove Albion came from a goal behind to defeat Manchester City 2-1 thanks to a superbly taken 89th-minute winner from Brajan Gruda. Gruda was one of four substitutes introduced on the hour mark by Fabian Hurzeler at Amex Stadium, where Erling Haaland had put City ahead with his 88th Premier League goal on his 100th appearance in the competition. Brighton & Hove Albion came from a goal behind to defeat Manchester City 2-1 thanks to a superbly taken 89th-minute winner from Brajan Gruda. Gruda was one of four substitutes introduced on the hour mark by Fabian Hurzeler at Amex Stadium, where Erling Haaland had put City ahead with his 88th Premier League goal on his 100th appearance in the competition. Brighton & Hove Albion came from a goal behind to defeat Manchester City 2-1 thanks to a superbly taken 89th-minute winner from Brajan Gruda. Gruda was one of four substitutes introduced on the hour mark by Fabian Hurzeler at Amex Stadium, where Erling Haaland had put City ahead with his 88th Premier League goal on his 100th appearance in the competition.",Erling Haaland,Forward,0.9022,0.104,0.046,0.85,https://www.premierleague.com/en/match/2561916/brighton-and-hove-albion-vs-manchester-city,2,1
2025,3,Liverpool vs Arsenal,Liverpool,Arsenal,4-2-3,Alisson Ramsés Becker; Dominik Szoboszlai; Ibrahima Konaté; Virgil van Dijk; Milos Kerkez; Ryan Gravenberch; Alexis Mac Allister; Mohamed Salah Hamed Mahrous Ghaly; Florian Wirtz; Cody Gakpo; Hugo Ekitiké,Joe Gomez (79'); Wataru Endo (89'); Federico Chiesa (79'); Curtis Jones (61'),4-3-3,David Raya; Jurriën Timber; William Saliba; Gabriel dos Santos Magalhães; Riccardo Calafiori; Mikel Merino; Martín Zubimendi; Declan Rice; Noni Madueke; Viktor Gyökeres; Gabriel Teodoro Martinelli Silva,Cristhian Mosquera (5'); Martin Ødegaard (70'); Eberechi Eze (70'); Max Dowman (89'),53%,47%,0.52,0.49,9,11,3,1,3,8,1,2,2,1,0,0,,,7 (14%),17 (18%),2,3,5,3,435 (85%),371 (82%),60 (45%),50 (50%),3 (0%),0 (0%),612,536,16,29,9 (82%),6 (43%),11,12,7,9,29,19,14,8,7,3,38,32,10,9,107.69km,114.03km,0,0,2,2,7,10,1,0,https://www.premierleague.com/en/match/2561919/liverpool-vs-arsenal?tab=recap,https://www.premierleague.com/en/match/2561919/liverpool-vs-arsenal?tab=stats,"Dominik Szoboszlai's sensational free-kick maintained Liverpool's winning start to the 2025/26 Premier League season, as they beat title rivals Arsenal 1-0 at Anfield. Last season's top two were the only teams defending perfect records by Sunday, but it looked as though they would have to settle for a point apiece until the 83rd minute, when provided a moment of magic. Dominik Szoboszlai's sensational free-kick maintained Liverpool's winning start to the 2025/26 Premier League season, as they beat title rivals Arsenal 1-0 at Anfield. Last season's top two were the only teams defending perfect records by Sunday, but it looked as though they would have to settle for a point apiece until the 83rd minute, when provided a moment of magic. Dominik Szoboszlai's sensational free-kick maintained Liverpool's winning start to the 2025/26 Premier League season, as they beat title rivals Arsenal 1-0 at Anfield. Liverpool Arsenal Last season's top two were the only teams defending perfect records by Sunday, but it looked as though they would have to settle for a point apiece until the 83rd minute, when provided a moment of magic. rd",Dominik Szoboszlai,Defender,0.9829,0.15,0.0,0.85,https://www.premierleague.com/en/match/2561919/liverpool-vs-arsenal,,
2025,3,Nottingham Forest vs West Ham United,Nott'm Forest,West Ham,4-2-3,Matz Sels; Ola Aina; Nikola Milenkovic; Murillo Santiago Costa dos Santos; Neco Williams; Ibrahim Sangaré; Elliot Anderson; Dan Ndoye; Morgan Gibbs-White; Callum Hudson-Odoi; Chris Wood,Arnaud Kalimuendo (89'); Igor Jesus (73'); Omari Hutchinson (89'); James McAtee (58'),4-2-3,Mads Hermansen; Kyle Walker-Peters; Konstantinos Mavropanos; Maximilian Kilman; El Hadji Malick Diouf; Tomás Soucek; James Ward-Prowse; Jarrod Bowen; Lucas Tolentino Coelho de Lima; Mateus Gonçalo Espanha Fernandes; Niclas Füllkrug,Crysencio Summerville (82'); Callum Wilson (64'); Andy Irving (75'),58.4%,41.6%,0.73,2.42,11,12,3,8,9,7,5,3,3,4,0,0,1,3,35 (11%),18 (39%),3,4,2,2,541 (87%),385 (82%),29 (38%),43 (30%),1 (0%),1 (0%),734,581,29,18,14 (74%),9 (56%),6,5,6,6,16,32,15,19,6,8,43,47,12,10,102.84km,109.66km,0,0,0,0,14,6,,,https://www.premierleague.com/en/match/2561921/nottingham-forest-vs-west-ham-united?tab=recap,https://www.premierleague.com/en/match/2561921/nottingham-forest-vs-west-ham-united?tab=stats,West Ham United produced a superb late flourish to beat Nottingham Forest 3-0 and register their first Premier League win of the season. The visitors scored three times in seven minutes at the City Ground to get off the mark in this campaign and relieve some of the pressure on head coach Graham Potter. West Ham United produced a superb late flourish to beat Nottingham Forest 3-0 and register their first Premier League win of the season. The visitors scored three times in seven minutes at the City Ground to get off the mark in this campaign and relieve some of the pressure on head coach Graham Potter. West Ham United produced a superb late flourish to beat Nottingham Forest 3-0 and register their first Premier League win of the season. Nottingham Forest The visitors scored three times in seven minutes at the City Ground to get off the mark in this campaign and relieve some of the pressure on head coach Graham Potter.,Jarrod Bowen,Midfielder,0.9872,0.206,0.034,0.76,https://www.premierleague.com/en/match/2561921/nottingham-forest-vs-west-ham-united,0,2
2025,5,Brighton and Hove Albion vs Tottenham Hotspur,Brighton,Spurs,4-2-3,Bart Verbruggen; Joël Veltman; Jan Paul van Hecke; Lewis Dunk; Ferdi Kadioglu; Carlos Baleba; Yasin Ayari; Yankuba Minteh; Brajan Gruda; Kaoru Mitoma; Georginio Rutter,Danny Welbeck (75'); James Milner (63'); Diego Gómez (45'); Mats Wieffer (85'); Diego Coppola (75'),4-3-3,Guglielmo Vicario; Pedro Porro; Cristian Romero; Micky van de Ven; Destiny Udogie; Lucas Bergvall; João Maria Lobo Alves Palhares Costa Palhinha Gonçalves; Rodrigo Bentancur; Mohammed Kudus; Richarlison de Andrade; Wilson Odobert,Xavi Simons (61'); Archie Gray (89'); Brennan Johnson (72'); Djed Spence (89'),36.1%,63.9%,1.32,1.22,12,11,4,3,2,10,2,2,1,2,0,0,1,1,8 (25%),32 (9%),7,6,7,2,307 (77%),523 (89%),57 (39%),46 (59%),0 (0%),1 (0%),512,748,17,44,17 (68%),10 (38%),3,3,5,9,40,17,16,29,6,13,57,61,13,12,109.31km,108.33km,0,0,1,2,10,13,0,1,https://www.premierleague.com/en/match/2561937/brighton-and-hove-albion-vs-tottenham-hotspur?tab=recap,https://www.premierleague.com/en/match/2561937/brighton-and-hove-albion-vs-tottenham-hotspur?tab=stats,"Tottenham Hotspur came from two goals down to draw 2-2 against Brighton & Hove Albion at the American Express Stadium. Thomas Frank seemed to be staring down the barrel of a second Premier League defeat as Spurs boss, when Brighton took an early lead through Yankuba Minteh and Yasin Ayari created some breathing room with a stunning strike in the 31st minute. Tottenham Hotspur came from two goals down to draw 2-2 against Brighton & Hove Albion at the American Express Stadium. Thomas Frank seemed to be staring down the barrel of a second Premier League defeat as Spurs boss, when Brighton took an early lead through Yankuba Minteh and Yasin Ayari created some breathing room with a stunning strike in the 31st minute. Tottenham Hotspur came from two goals down to draw 2-2 against Brighton & Hove Albion at the American Express Stadium. Thomas Frank seemed to be staring down the barrel of a second Premier League defeat as Spurs boss, when Brighton took an early lead through Yankuba Minteh and Yasin Ayari created some breathing room with a stunning strike in the 31st minute.",Mohammed Kudus,Forward,0.0772,0.072,0.07,0.858,https://www.premierleague.com/en/match/2561937/brighton-and-hove-albion-vs-tottenham-hotspur,1,1
2025,5,Burnley vs Nottingham Forest,Burnley,Nott'm Forest,5-4-1,Martin Dúbravka; Kyle Walker; Josh Laurent; Hjalmar Ekdal; Maxime Estève; Quilindschy Hartman; Loum Tchaouna; Josh Cullen; Florentino Ibrain Morris Luís; Jaidon Anthony; Lyle Foster,Zian Flemming (86'); Hannibal Mejbri (81'),4-2-3,Matz Sels; Neco Williams; Nikola Milenkovic; Felipe Rodrigues da Silva; Oleksandr Zinchenko; Elliot Anderson; Douglas Luiz Soares de Paulo; Dilane Bakwa; Morgan Gibbs-White; Dan Ndoye; Chris Wood,Ibrahim Sangaré (76'); Callum Hudson-Odoi (59'); Arnaud Kalimuendo (76'); Igor Jesus (75'),36.7%,63.3%,0.85,1.1,12,17,5,8,4,5,7,4,2,5,1,0,1,1,26 (31%),30 (17%),4,2,3,8,348 (77%),628 (90%),46 (35%),37 (51%),0 (0%),0 (0%),549,824,23,29,9 (82%),6 (55%),10,11,10,7,35,29,17,10,11,4,45,36,14,11,115.25km,113.25km,0,0,1,1,12,11,1,2,https://www.premierleague.com/en/match/2561938/burnley-vs-nottingham-forest?tab=recap,https://www.premierleague.com/en/match/2561938/burnley-vs-nottingham-forest?tab=stats,"Ange Postecoglou earned his first point in charge of Nottingham Forest against Burnley as both sides shared the spoils in 1-1 draw at Turf Moor. In-form Jaidon Anthony struck again for the home side to cancel out Neco Williams' early opener. After defeats in his first two matches in charge, it looked like Postecoglou was on track for victory on Saturday when Williams’ emphatic finish put his side ahead after just 98 seconds. Ange Postecoglou earned his first point in charge of Nottingham Forest against Burnley as both sides shared the spoils in 1-1 draw at Turf Moor. In-form Jaidon Anthony struck again for the home side to cancel out Neco Williams' early opener. After defeats in his first two matches in charge, it looked like Postecoglou was on track for victory on Saturday when Williams’ emphatic finish put his side ahead after just 98 seconds. Ange Postecoglou earned his first point in charge of Nottingham Forest against Burnley as both sides shared the spoils in 1-1 draw at Turf Moor. In-form Jaidon Anthony struck again for the home side to cancel out Neco Williams' early opener. After defeats in his first two matches in charge, it looked like Postecoglou was on track for victory on Saturday when Williams’ emphatic finish put his side ahead after just 98 seconds.",Neco Williams,Defender,-0.296,0.062,0.08,0.859,https://www.premierleague.com/en/match/2561938/burnley-vs-nottingham-forest,1,0
2025,5,Fulham vs Brentford,Fulham,Brentford,4-2-3,Bernd Leno; Kenny Tete; Joachim Andersen; Calvin Bassey; Ryan Sessegnon; Sasa Lukic; Sander Berge; Harry Wilson; Josh King; Alex Iwobi; Rodrigo Muniz Carvalho,Raúl Jiménez (80'); Tom Cairney (86'); Jorge Cuenca (86'); Kevin (67'); Emile Smith Rowe (80'),5-3-2,Caoimhín Kelleher; Michael Kayode; Sepp van den Berg; Nathan Collins; Ethan Pinnock; Keane Lewis-Potter; Yehor Yarmoliuk; Jordan Henderson; Mikkel Damsgaard; Igor Thiago Nascimento Rodrigues; Kevin Schade,Rico Henry (66'); Fábio Carvalho (87'); Dango Ouattara (65'); Kristoffer Ajer (74'); Vitaly Janelt (74'),53%,47%,1.01,0.6,14,8,3,3,2,10,2,2,1,2,0,0,2,0,13 (38%),21 (10%),5,2,6,0,456 (84%),398 (81%),49 (45%),46 (37%),2 (50%),0 (0%),663,588,27,17,9 (47%),6 (46%),9,8,6,5,39,18,12,13,8,4,54,36,15,10,112.07km,113.24km,0,0,4,1,11,13,2,2,https://www.premierleague.com/en/match/2561939/fulham-vs-brentford?tab=recap,https://www.premierleague.com/en/match/2561939/fulham-vs-brentford?tab=stats,Fulham made it back-to-back Premier League wins after beating Brentford 3-1 in a West London derby on Saturday. Marco Silva’s side impressed as they came from behind at Craven Cottage to condemn the Bees to their third straight league defeat on the road. Fulham made it back-to-back Premier League wins after beating Brentford 3-1 in a West London derby on Saturday. Marco Silva’s side impressed as they came from behind at Craven Cottage to condemn the Bees to their third straight league defeat on the road. Fulham made it back-to-back Premier League wins after beating Brentford 3-1 in a West London derby on Saturday. Marco Silva’s side impressed as they came from behind at Craven Cottage to condemn the Bees to their third straight league defeat on the road.,Alex Iwobi,Midfielder,0.0772,0.163,0.161,0.675,https://www.premierleague.com/en/match/2561939/fulham-vs-brentford,2,1
2025,5,Liverpool vs Everton,Liverpool,Everton,4-2-3,Alisson Ramsés Becker; Conor Bradley; Ibrahima Konaté; Virgil van Dijk; Milos Kerkez; Ryan Gravenberch; Alexis Mac Allister; Mohamed Salah Hamed Mahrous Ghaly; Dominik Szoboszlai; Cody Gakpo; Hugo Ekitiké,Florian Wirtz (61'); Alexander Isak (67'); Curtis Jones (61'),4-2-3,Jordan Pickford; Jake O'Brien; James Tarkowski; Michael Keane; Vitalii Mykolenko; Idrissa Gueye; James Garner; Iliman Ndiaye; Kiernan Dewsbury-Hall; Jack Grealish; Norberto Bercique Gomes Betuncal,Thierno Barry (45'); Tyler Dibling (86'); Charly Alcaraz (86'),57.2%,42.8%,0.9,0.7,11,9,3,2,5,4,1,1,1,1,0,0,1,1,12 (17%),20 (25%),3,4,2,3,475 (85%),345 (76%),43 (33%),61 (38%),5 (60%),3 (0%),678,541,26,21,7 (39%),13 (72%),9,9,12,10,37,23,17,19,10,12,57,56,20,15,101.28km,101.98km,0,0,2,3,11,10,1,1,https://www.premierleague.com/en/match/2561940/liverpool-vs-everton?tab=recap,https://www.premierleague.com/en/match/2561940/liverpool-vs-everton?tab=stats,"Ryan Gravenberch scored one goal and set up another, becoming the youngest player to do both in a Merseyside derby, as Liverpool continued their winning start to the Premier League season by beating Everton 2-1 at Anfield. The Reds made a rampaging start at Anfield, hitting the front through Gravenberch’s cute finish in the 10th minute. Ryan Gravenberch scored one goal and set up another, becoming the youngest player to do both in a Merseyside derby, as Liverpool continued their winning start to the Premier League season by beating Everton 2-1 at Anfield. The Reds made a rampaging start at Anfield, hitting the front through Gravenberch’s cute finish in the 10th minute. Ryan Gravenberch scored one goal and set up another, becoming the youngest player to do both in a Merseyside derby, as Liverpool continued their winning start to the Premier League season by beating Everton 2-1 at Anfield. The Reds made a rampaging start at Anfield, hitting the front through Gravenberch’s cute finish in the 10th minute.",Mohamed Salah,Midfielder,0.8807,0.106,0.05,0.844,https://www.premierleague.com/en/match/2561940/liverpool-vs-everton,1,1
2025,5,Manchester United vs Chelsea,Man Utd,Chelsea,3-4-2,Altay Bayindir; Matthijs de Ligt; Harry Maguire; Luke Shaw; Noussair Mazraoui; Carlos Henrique Casimiro; Bruno Miguel Borges Fernandes; Patrick Dorgu; Bryan Mbeumo; Amad Diallo; Benjamin Sesko,Mason Mount (69'); Matheus Cunha (64'); Leny Yoro (70'); Manuel Ugarte (45'); Kobbie Mainoo (87'),4-2-3,Robert Sánchez; Reece James; Wesley Fofana; Trevoh Chalobah; Marc Cucurella; Enzo Fernández; Moisés Caicedo; Estêvão Willian Almeida de Oliveira Gonçalves; Cole Palmer; Pedro Lomba Neto; João Pedro Junqueira de Jesus,Tosin Adarabioyo (7'); Filip Jörgensen (6'); Andrey Santos (21'); Malo Gusto (64'); Tyrique George (64'),41.2%,58.8%,1.84,0.43,11,5,4,1,5,5,0,2,1,0,0,0,3,1,26 (31%),15 (13%),3,2,5,1,371 (79%),550 (85%),55 (24%),45 (47%),3 (33%),2 (50%),569,738,21,16,16 (76%),13 (81%),7,5,10,8,19,29,13,18,5,8,51,53,12,16,110.82km,100.88km,1,1,0,5,13,14,3,2,https://www.premierleague.com/en/match/2561941/manchester-united-vs-chelsea?tab=recap,https://www.premierleague.com/en/match/2561941/manchester-united-vs-chelsea?tab=stats,"Bruno Fernandes scored a landmark goal on his 200th Premier League appearance to help Manchester United to a 2-1 victory over Chelsea, with both teams having a player sent off. Fernandes’ goal was his 100th for United in all competitions, as he handed them a 14th-minute lead after Robert Sanchez had received a straight red card at a rainswept Old Trafford. Bruno Fernandes scored a landmark goal on his 200th Premier League appearance to help Manchester United to a 2-1 victory over Chelsea, with both teams having a player sent off. Fernandes’ goal was his 100th for United in all competitions, as he handed them a 14th-minute lead after Robert Sanchez had received a straight red card at a rainswept Old Trafford. Bruno Fernandes scored a landmark goal on his 200th Premier League appearance to help Manchester United to a 2-1 victory over Chelsea, with both teams having a player sent off. Fernandes’ goal was his 100th for United in all competitions, as he handed them a 14th-minute lead after Robert Sanchez had received a straight red card at a rainswept Old Trafford.",Bruno Fernandes,Midfielder,0.9808,0.187,0.0,0.813,https://www.premierleague.com/en/match/2561941/manchester-united-vs-chelsea,2,1
2025,5,West Ham United vs Crystal Palace,West Ham,Crystal Palace,4-2-3,Alphonse Areola; Kyle Walker-Peters; Konstantinos Mavropanos; Maximilian Kilman; El Hadji Malick Diouf; Mateus Gonçalo Espanha Fernandes; James Ward-Prowse; Jarrod Bowen; Lucas Tolentino Coelho de Lima; Crysencio Summerville; Callum Wilson,Niclas Füllkrug (59'); Luis Guilherme (78'); Soungoutou Magassa (78'),3-4-2,Dean Henderson; Chris Richards; Maxence Lacroix; Marc Guéhi; Daniel Muñoz; Adam Wharton; Will Hughes; Tyrick Mitchell; Daichi Kamada; Yéremy Pino; Jean-Philippe Mateta,Jefferson Lerma (65'); Eddie Nketiah (75'); Justin Devenny (45'),56.6%,43.4%,0.66,2.31,8,18,3,3,8,8,1,2,2,1,0,1,1,2,22 (32%),18 (44%),4,9,1,4,450 (83%),345 (82%),47 (45%),48 (46%),6 (33%),4 (0%),628,547,20,27,6 (67%),16 (73%),7,9,7,10,22,35,21,6,14,5,46,70,18,29,106.06km,109.9km,0,0,3,3,15,5,1,2,https://www.premierleague.com/en/match/2561943/west-ham-united-vs-crystal-palace?tab=recap,https://www.premierleague.com/en/match/2561943/west-ham-united-vs-crystal-palace?tab=stats,"A stunning Tyrick Mitchell volley earned Crystal Palace a 2-1 victory away at West Ham United to extend their unbeaten run in the Premier League to five matches and increase the pressure on Graham Potter. A lacklustre first half saw little in the way of chances, but Jean-Philippe Mateta opened the scoring with a header from a corner. A stunning Tyrick Mitchell volley earned Crystal Palace a 2-1 victory away at West Ham United to extend their unbeaten run in the Premier League to five matches and increase the pressure on Graham Potter. A lacklustre first half saw little in the way of chances, but Jean-Philippe Mateta opened the scoring with a header from a corner. A stunning Tyrick Mitchell volley earned Crystal Palace a 2-1 victory away at West Ham United to extend their unbeaten run in the Premier League to five matches and increase the pressure on Graham Potter. A lacklustre first half saw little in the way of chances, but Jean-Philippe Mateta opened the scoring with a header from a corner.",Marc Guéhi,Defender,0.9764,0.198,0.039,0.763,https://www.premierleague.com/en/match/2561943/west-ham-united-vs-crystal-palace,0,2
2025,5,Wolverhampton Wanderers vs Leeds United,Wolves,Leeds,3-4-2,José Pedro Malheiro de Sá; Emmanuel Agbadou; Yerson Mosquera; Tote António Gomes; Jackson Tchatchoua; João Victor Gomes da Silva; Ladislav Krejcí; Rodrigo Martins Gomes; Fer López; Jean-Ricner Bellegarde; Tolu Arokodare,Hugo Bueno (45'); Marshall Munetsi (45'); André (72'); Jørgen Strand Larsen (45'); Jhon Arias (72'),4-3-3,Karl Darlow; Jayden Bogle; Joe Rodon; Pascal Struijk; Gabriel Gudmundsson; Anton Stach; Ethan Ampadu; Sean Longstaff; Brenden Aaronson; Dominic Calvert-Lewin; Noah Okafor,Lukas Nmecha (92'); Jack Harrison (70'); Ao Tanaka (83'); James Justin (83'); Ilia Gruev (92'),55.9%,44.1%,1.78,0.48,16,6,6,4,4,0,1,5,4,0,0,0,1,1,35 (40%),7 (0%),6,2,3,4,507 (84%),416 (84%),46 (52%),45 (36%),1 (100%),4 (50%),716,641,39,13,14 (50%),13 (65%),4,3,3,7,16,49,17,21,9,8,75,57,29,18,110.84km,117.85km,0,0,1,1,11,9,0,2,https://www.premierleague.com/en/match/2561944/wolverhampton-wanderers-vs-leeds-united?tab=recap,https://www.premierleague.com/en/match/2561944/wolverhampton-wanderers-vs-leeds-united?tab=stats,"Leeds United climbed into the top half of the Premier League table following a 3-1 victory over Wolverhampton Wanderers, who remain without a point this season. Daniel Farke’s side came from behind to score three times during a frantic first half at Molineux to claim their second win of the campaign, and first on the road. Leeds United climbed into the top half of the Premier League table following a 3-1 victory over Wolverhampton Wanderers, who remain without a point this season. Daniel Farke’s side came from behind to score three times during a frantic first half at Molineux to claim their second win of the campaign, and first on the road. Leeds United climbed into the top half of the Premier League table following a 3-1 victory over Wolverhampton Wanderers, who remain without a point this season. Daniel Farke’s side came from behind to score three times during a frantic first half at Molineux to claim their second win of the campaign, and first on the road.",Anton Stach,Midfielder,0.9382,0.139,0.048,0.813,https://www.premierleague.com/en/match/2561944/wolverhampton-wanderers-vs-leeds-united,1,1
